review_group,example_id,original_review,processed_text,true_label,predicted_label,positive_probability,confidence,distance_from_threshold,processed_token_length,content_length,length_slice,contains_negation,slice_memberships,selection_reason,error_type,observation,proposed_fix
confident_false_positive,test-29330,"Wow love the place and everything is very clean and new!\n\nGreat place to come and relax worth a try!\n\nCheers,\n\nEric Van Nguyen\nVisited April 2012",wow love place everything clean new n ngreat place come relax worth try n ncheers n neric van nguyen nvisited april 2012,0,1,0.99998713,0.99998713,0.49998713,22,22,short,0,short,Highest positive-class probability among reviews labeled negative and predicted positive.,,,
confident_false_positive,test-12549,"Small businesses such as Espresso Royale give Champaign-Urbana its character. I visit the 6th and Daniel location often.\nThe undergrad library location, however, is the undergrad library location. It's full of tired and harried students and academic professionals, and most of us don't want to be there. The UGL is pretty old and you can tell.\nThis place is usually packed and you'll have to wait. In addition, I once applied for a job here. My friend of mine had worked there previously and told me the manager's name. When I asked for the manager, I could see her behind the counter. She told the employee that I'd asked to tell me that she wasn't around. I just gave them both a look of shock and walked away. \nI later spoke with the employee (a friend of the friend) and she said she felt horrible because she could tell I knew the real story. We all laughed about it over a few glasses of wine.\nNonetheless, here's the point: Espresso Royale deserves your money; the employees are kick-asses and Espresso provides quality coffee. They buy beans roasted locally (Columbia St.) and always, always, always have hot, fresh, dark roast coffee on hand. So, Espresso Royale gets my vote over Starbucks every single day. \nNote: parking around this location is not for the faint of heart.",small businesses espresso royale give champaign urbana character visit 6th daniel location often nthe undergrad library location however undergrad library location full tired harried students academic professionals us dont want ugl pretty old tell nthis place usually packed youll wait addition applied job friend mine worked previously told managers name asked manager could see behind counter told employee id asked tell wasnt around gave look shock walked away ni later spoke employee friend friend said felt horrible could tell knew real story laughed glasses wine nnonetheless heres point espresso royale deserves money employees kick asses espresso provides quality coffee buy beans roasted locally columbia st always always always hot fresh dark roast coffee hand espresso royale gets vote starbucks every single day nnote parking around location not faint heart,0,1,0.99972087,0.99972087,0.49972087,129,129,long,1,long|contains_negation,Highest positive-class probability among reviews labeled negative and predicted positive.,,,
confident_false_positive,test-5469,Leonard. Leonard. Leonard.  Is there REALLY even a Leonard that works there?  Leonard goes to work and then takes an 8 hour break.  I called Staples to follow up on a print order and he told me he was going to have to call me back because it was time for his break.  I then went to the store and ole Leonard was too busy on his cell phone to help me.  The only upside to this place is the nice female that works in the copy/print center.,leonard leonard leonard really even leonard works leonard goes work takes 8 hour break called staples follow print order told going call back time break went store ole leonard busy cell phone help upside place nice female works copy print center,0,1,0.99957985,0.99957985,0.49957985,41,41,medium,0,medium,Highest positive-class probability among reviews labeled negative and predicted positive.,,,
confident_false_positive,test-35238,"Food...BOMB! Everything they do in the kitchen, they do right.\nMusic is good and usually pretty loud..\nBring a group of people and sit at the bar. This is where you'll get served the fastest..servers make themselves scarce and don't talk much.\n It's worth a trip, for fried pickles!",food bomb everything kitchen right nmusic good usually pretty loud nbring group people sit bar youll get served fastest servers make scarce dont talk much n worth trip fried pickles,0,1,0.99945039,0.99945039,0.49945039,30,30,medium,1,medium|contains_negation,Highest positive-class probability among reviews labeled negative and predicted positive.,,,
confident_false_positive,test-22663,"About average so far as steakhouses go. My rib eye was very tasty but a little over cooked. I didn't complain because the flavor was still fantastic. I thought the process were quite out of order. I've had better for sell. Over all I'd say they are more for show than content. If you want to have a great high end steak I'd recommend Ruth Chris, LG's, Flemings, or Morton's. If you want to show off how much money you have to or make it rain, Jean Georges is the place. The offered a pork chop for $99 and a special cut steak for $199.  For those prices I'll personally fly anywhere in the country and serve you the best steak you ever had. If you were not born with a silver spoon in your mouth and you have good financial values, you should probably go somewhere else. If your friends are named Justin B, Diddy, or snoop, and your second car just happens to be a Bentley, You'll fit right in. Service good, Ambiance great, Food Fantastic, Service A+, Bottom line, Oh Damn! Bring the Platinum or the Black Card.",average far steakhouses go rib eye tasty but little cooked didnt complain flavor still fantastic thought process quite order ive better sell id say show content want great high end steak id recommend ruth chris lgs flemings mortons want show much money make rain jean georges place offered pork chop 99 special cut steak 199 prices ill personally fly anywhere country serve best steak ever not born silver spoon mouth good financial values probably go somewhere else friends named justin b diddy snoop second car happens bentley youll fit right service good ambiance great food fantastic service bottom line oh damn bring platinum black card,0,1,0.99908721,0.99908721,0.49908721,105,105,long,1,long|contains_negation,Highest positive-class probability among reviews labeled negative and predicted positive.,,,
confident_false_negative,test-22807,"EDIT: They really did change the service up since I last posted this.\n\nHorrible service.\n\nUsed to be my favorite pizza in the city (at a reasonable price), but I'm rethinking that. We just had an altercation with a server who refused to split a check when we were paying with cash. He then proceeded to disrespect the party at the table, telling us to 'not give him attitude about it.'\n\nSorry Bella Notte, but we're not children. I don't care if you're working hard - it doesn't give you any excuse to disrespect your paying customers like that.",edit really change service since last posted n nhorrible service n nused favorite pizza city reasonable price but im rethinking altercation server refused split check paying cash proceeded disrespect party table telling us not give attitude n nsorry bella notte but not children dont care youre working hard doesnt give excuse disrespect paying customers like,1,0,0.00008956,0.99991047,0.49991044,55,55,medium,1,medium|contains_negation,Lowest positive-class probability among reviews labeled positive and predicted negative.,,,
confident_false_negative,test-24111,"This review is for the pharmacy only.You do not need to be a member to use the pharmacy. I am a self paying user of generic Plavix...Cost for a 90 day supply is around is about $25. Contrast this to $45 at Walmart,and $200+ at both Target and Shopko. Price difference is unbelievable!! Begs the question of what price are health insurance carriers forced to pay!?? No wonder premiums are high should they be charged the 200-220 prices. It does pay to shop for prices..",review pharmacy not need member use pharmacy self paying user generic plavix cost 90 day supply around 25 contrast 45 walmart 200 target shopko price difference unbelievable begs question price health insurance carriers forced pay no wonder premiums high charged 200 220 prices pay shop prices,1,0,0.00015636,0.99984360,0.49984364,46,46,medium,1,medium|contains_negation,Lowest positive-class probability among reviews labeled positive and predicted negative.,,,
confident_false_negative,test-20061,"Ever wonder what to do if you have lots of extra garbage or recyclables and either can't fit them all in your bins or missed bulk trash pickup day? Alternatively, are you looking for something just a little bit different to do on a lazy summer day? \n\nOk, ok, all kidding aside - you may find yourselves (as we did yesterday) with more broken-down boxes and odd-shaped trash (old floor lamps, etc.) than can fit in your bins. This waste facility allows Phoenix residents to dump bulk trash and recyclables for free once a month. \n\nTo get to the facility, drive down to 27th Avenue and Buckeye (aka \""""No Man's Land\""""). When you drive up, you will likely see a long line of commercial vehicles waiting to do their daily or weekly dump. You can bypass this line and go to the R (the sign says something like \""""Visitors\""""). When I say \""""you can,\"""" what I mean is that we did without being stopped, so you should be able to as well. According to the city website, we were supposed to have to show a driver's license and recent water bill to be let in, but no one stopped us or asked for proof of anything. \n\nWe drove around and around the facility, following signs that directed us to the visitors' drop-off area, until finally we arrived at a massive pile of garbage. Literally. There were tons of guys in pick-up trucks dumping yard clippings, as well as a few ordinary people, like us, who just wanted their garage to be less cluttered. Warning to the wise - the place stinks (it's filled with garbage, after all) and the ground is wet and a bit slippery. We wore flip-flops (how dumb were we?). If you go, you might want to wear a long-sleeved shirt and some old, crappy tennis shoes you don't give a crap about. \n\nAfter dumping our trash, we looked around for the recycling drop-off. Some random employee sitting out under an umbrella told us that the bins were full and that we should just dump our massive pile of cardboard boxes into the trash pile (real ringing endorsement for city-sponsored recycling, huh?). I told him that we didn't want to just trash all that recyclable material, so he suggested going over by the employee trailers and dumping it in their recycling bin. So we did. \n\nI have to admit that after coming all the way to a city facility dedicated to proper recycling, we felt a bit odd dumping all these boxes in a tiny bin that wasn't much bigger than our bin at home. We felt as if we had gone to a public swimming pool and found it to be the same size as our inflatable one. We also wondered if the boxes would even get recycled. Fortunately, a guy in a city truck showed up towards the end of our unloading, gave us the thumbs up, and waited for us to be done so he could unload the bin and take the materials to wherever recyclables go to die and be reborn as new, environmentally-friendly objects. \n\nOur trip to this facility was an adventure, that's for sure. In addition to (or in spite of?) the educational benefits of seeing the inner workings of the city's solid waste operations and the entertainment value of all of those unfamiliar sights, sounds, and smells, we got to rid ourselves of the massive piles of trash and boxes left over from our move and early home improvement projects in one fell swoop. Can't beat that!",ever wonder lots extra garbage recyclables either cant fit bins missed bulk trash pickup day alternatively looking something little bit different lazy summer day n nok ok kidding aside may find yesterday broken boxes odd shaped trash old floor lamps etc fit bins waste facility allows phoenix residents dump bulk trash recyclables free month n nto get facility drive 27th avenue buckeye aka no mans land drive likely see long line commercial vehicles waiting daily weekly dump bypass line go r sign says something like visitors say mean without stopped able well according city website supposed show drivers license recent water bill let but no one stopped us asked proof anything n nwe drove around around facility following signs directed us visitors drop area finally arrived massive pile garbage literally tons guys pick trucks dumping yard clippings well ordinary people like us wanted garage less cluttered warning wise place stinks filled garbage ground wet bit slippery wore flip flops dumb go might want wear long sleeved shirt old crappy tennis shoes dont give crap n nafter dumping trash looked around recycling drop random employee sitting umbrella told us bins full dump massive pile cardboard boxes trash pile real ringing endorsement city sponsored recycling huh told didnt want trash recyclable material suggested going employee trailers dumping recycling bin n ni admit coming way city facility dedicated proper recycling felt bit odd dumping boxes tiny bin wasnt much bigger bin home felt gone public swimming pool found size inflatable one also wondered boxes would even get recycled fortunately guy city truck showed towards end unloading gave us thumbs waited us done could unload bin take materials wherever recyclables go die reborn new environmentally friendly objects n nour trip facility adventure thats sure addition spite educational benefits seeing inner workings citys solid waste operations entertainment value unfamiliar sights sounds smells got rid massive piles trash boxes left move early home improvement projects one fell swoop cant beat,1,0,0.00018388,0.99981612,0.49981612,324,207,long,1,long|contains_negation,Lowest positive-class probability among reviews labeled positive and predicted negative.,,,
confident_false_negative,test-21215,"Last night several parents came in with over 15 children to celebrate their 9 year olds 4th grade graduation at 9:15 pm. The bartender expressed that it was not a place to have children running around as it is against the law and a liability issue if anything were to happen to them on their premise. The children were running in and out of the bar while the parents continued to drink upstairs claiming to watch them in the open park way. After their third round of drinks the bartender told them they were no longer welcomed due to the fact the kids were unsupervised as well as the other customers had cleared out expressing \""""whether the bar was a childcare center\"""". One father even started swearing at her telling her it was none of her business what their children were doing. I am offended in that they completely took advantage of her, were rude, not to mention had their children with them at a bar at 10:00pm in the evening. I will say the bartender was very cordial and had mind to do the right thing.",last night several parents came 15 children celebrate 9 year olds 4th grade graduation 9 15 pm bartender expressed not place children running around law liability issue anything happen premise children running bar parents continued drink upstairs claiming watch open park way third round drinks bartender told no longer welcomed due fact kids unsupervised well customers cleared expressing whether bar childcare center one father even started swearing telling none business children offended completely took advantage rude not mention children bar 10 00pm evening say bartender cordial mind right thing,1,0,0.00047185,0.99952817,0.49952815,89,89,medium,1,medium|contains_negation,Lowest positive-class probability among reviews labeled positive and predicted negative.,,,
confident_false_negative,test-10897,"A.  Get a table.  Just spend the money, it's Vegas!\nB.  Throw some cash under the table to the bouncer.\nC.  Wait forever.\nD. Ditch the guys\n\nThose are your choices and there is no way around it.  I don't care how hot you are, if guys outnumber you in your party you will get the smack down.    Oh yeah and dress hot because that always increases your chances (show your body!).\n\nWhen we went we stood in the longest line ever, we couldn't even see the club door from where we started.  It was worse than Disneyland.  The people we were with weren't willing to drop money on a table (booooo) nor did they want to pay the bouncer.  Well guess what that makes us?  Just like every other group that's standing in line with a bunch of guys.  After forever and 92 days we gave up and went to Blush.   If you want to go here, be prepared. Either separate from the guys or be willing to pay.",get table spend money vegas nb throw cash table bouncer nc wait forever nd ditch guys n nthose choices no way around dont care hot guys outnumber party get smack oh yeah dress hot always increases chances show body n nwhen went stood longest line ever couldnt even see club door started worse disneyland people werent willing drop money table booooo nor want pay bouncer well guess makes us like every group thats standing line bunch guys forever 92 days gave went blush want go prepared either separate guys willing pay,1,0,0.00049546,0.99950457,0.49950454,91,91,medium,1,medium|contains_negation,Lowest positive-class probability among reviews labeled positive and predicted negative.,,,
near_threshold,test-7214,"I'm not usually one for small restaurants, especially in unfamiliar areas, but I heard about Uncle Joe's pizza on a travel site and decided to try it. My family loved it. I had never been to down town before, and it was fairly easy to find. It was great food at a great price and I was disappointed when I returned to Vegas and could not make it back to downtown to eat here. I definitely recommend it!",im not usually one small restaurants especially unfamiliar areas but heard uncle joes pizza travel site decided try family loved never town fairly easy find great food great price disappointed returned vegas could not make back downtown eat definitely recommend,1,0,0.49970973,0.50029027,0.00029027,40,40,medium,1,medium|contains_negation,Misclassified review whose positive-class probability is closest to the 0.5 threshold.,,,
near_threshold,test-5663,"Well, that was delicious. The Don, I think it was, with chicken, marinara and no green peppers. Sheesh! I just ate it 6 hours ago and I want another right now.",well delicious don think chicken marinara no green peppers sheesh ate 6 hours ago want another right,1,0,0.49950024,0.50049978,0.00049976,17,17,short,1,short|contains_negation,Misclassified review whose positive-class probability is closest to the 0.5 threshold.,,,
near_threshold,test-29924,"I personally will never step foot inside the Belmont Soda Shoppe ever again.  I was born and raise in Belmont and was a fan of the original Belmont Drug Store.  A couple of Saturdays ago I was out for a run and towards the end of the run I stopped by the soda shoppe and asked for a small cup of tap water.  It was sunny and 95 degrees outside and I was hot and thirsty.  The guy behind the counter said \""""no she charges for everything\"""".  It wasn't like I was asking for a large scoop of ice cream.  This is Belmont, a small town friendly community.  Obviously these people do not understand that.  I do my best to support local businesses in the downtown Belmont area and I assure you they will never receive any support from me again.  I will share my experience with the Belmont Soda Shoppe to everyone I know.",personally never step foot inside belmont soda shoppe ever born raise belmont fan original belmont drug store couple saturdays ago run towards end run stopped soda shoppe asked small cup tap water sunny 95 degrees outside hot thirsty guy behind counter said no charges everything wasnt like asking large scoop ice cream belmont small town friendly community obviously people not understand best support local businesses downtown belmont area assure never receive support share experience belmont soda shoppe everyone know,0,1,0.50074875,0.50074875,0.00074875,79,79,medium,1,medium|contains_negation,Misclassified review whose positive-class probability is closest to the 0.5 threshold.,,,
near_threshold,test-30031,"2.5 stars\n\nApparently this place has some serious Vegas roots.  They used to be over on East Tropicana and have some affiliations with Liberace but there is now a new location on the Westside attached to the bounty hunter in the Albertson's shopping center.\n\nFirst things first, we had really nice service.  Our server was friendly, attentive, and hepful.  \n\nThe atmosphere leaves much to be desired since this place is attached to a bar, the bounty hunter.  There are some random booths and tables thrown in what was clearly an empty space and thats about it.  \n\nThere isn't a wine list or cocktails; just the offerings from the bounty hunter.  Um, no thank you, I don't want a Coors light with my veal.\n\nThey serve piping hot french bread,  It's crusty on the outside and chewy in trhe middle.  It's good.  \n\nWe had mussels to start.  Steamed in white wine with lots of butter, lots of garlic, and lots of chili.  They were spicy! Good flavor and cooked nice but hubs was dissapointed they were previously frozen.  \n\nWe had a cup of minestrone.  It didn't look like any vegetable soup I was used to.  It had ok flavor but was a salty brown sludge.  \n\nDad had the manicotti; the best item we had.  It had yummy creamy ricotta and mozarella and it was good.  \n\nWe shared veal.  I can't remember the name of the dish.  The veal was super tender, topped with copious amounts of a slurried brown sauce and sliced mushrooms.  It had spaghetti with marinara on the side.  It was not veal marsala but the sauce definitely had marsala in it, as did the sauce for the mussels.  I like the flavor of marsala but it seemed strange that it ended up in everything.  \n\nDad licked his spumoni dessert clean.  We shared the tortoni; essentially, vanilla ice cream mixed with frangelico then refrozen.  The presentation is awful but the iuce cream was delicious.  The basically freeze it into a little bowl.  That's it! The don't scoop it out, garnish it or anything! It tastes great though.  The refreezing with the alcohol creates these flaky ice crystals in the ice cream which is a pleasing texture.  Our bill was $50 for 2 sodas, mussels, cup of soup, 2 entrees, and 2 desserts.  Not bad.  \n\nI think I'd be willing to give it another try but have definitely experienced better Italian food at comparable prices in Vegas.",2 5 stars n napparently place serious vegas roots used east tropicana affiliations liberace but new location westside attached bounty hunter albertsons shopping center n nfirst things first really nice service server friendly attentive hepful n nthe atmosphere leaves much desired since place attached bar bounty hunter random booths tables thrown clearly empty space thats n nthere isnt wine list cocktails offerings bounty hunter um no thank dont want coors light veal n nthey serve piping hot french bread crusty outside chewy trhe middle good n nwe mussels start steamed white wine lots butter lots garlic lots chili spicy good flavor cooked nice but hubs dissapointed previously frozen n nwe cup minestrone didnt look like vegetable soup used ok flavor but salty brown sludge n ndad manicotti best item yummy creamy ricotta mozarella good n nwe shared veal cant remember name dish veal super tender topped copious amounts slurried brown sauce sliced mushrooms spaghetti marinara side not veal marsala but sauce definitely marsala sauce mussels like flavor marsala but seemed strange ended everything n ndad licked spumoni dessert clean shared tortoni essentially vanilla ice cream mixed frangelico refrozen presentation awful but iuce cream delicious basically freeze little bowl thats dont scoop garnish anything tastes great though refreezing alcohol creates flaky ice crystals ice cream pleasing texture bill 50 2 sodas mussels cup soup 2 entrees 2 desserts not bad n ni think id willing give another try but definitely experienced better italian food comparable prices vegas,0,1,0.50103229,0.50103229,0.00103229,246,207,long,1,long|contains_negation,Misclassified review whose positive-class probability is closest to the 0.5 threshold.,,,
near_threshold,test-29451,Came here with my mom to paint a few pieces and had a great experience. I painted a food/water dog bowl for my puppy. The employees were nice enough to let me bring my puppy in so I could put paw prints on the bowl (which didn't end up working out bc my dog was too excited). Would definitely return to create another project.,came mom paint pieces great experience painted food water dog bowl puppy employees nice enough let bring puppy could put paw prints bowl didnt end working bc dog excited would definitely return create another project,1,0,0.49896273,0.50103724,0.00103727,35,35,medium,1,medium|contains_negation,Misclassified review whose positive-class probability is closest to the 0.5 threshold.,,,
slice_specific,test-264,Says they deliver on here... Wrong & wrong again & should not be checked! I like Applebee's & thought the delivery was something new for the Pittsburgh area... Don't know if this is something Yelp does or something someone checked off... But not cool!,says deliver wrong wrong not checked like applebees thought delivery something new pittsburgh area dont know something yelp something someone checked but not cool,1,0,0.00212686,0.99787319,0.49787314,24,24,short,1,short|contains_negation,Highest-confidence misclassification in the short length slice.,,,
slice_specific,test-30366,"We have eaten at the restaurant several times as we enjoy the food and last night brought friends (another couple) as it was one of their birthdays.  In the afternoon called and spoke with a hostess to tell her would like \""""happy birthday\"""" written on the plate on whatever dessert was ordered.  When we arrived at the restaurant ran in ahead and mentioned it to the hostess (different than the one spoke with on the phone).  When we did in fact order dessert there was no acknowledgement of a birthday with either a candle or writing on the plate.  It was a very slow evening so no excuse about being busy but just that the messages were not relayed to the waiter (who was very good by the way and not his fault).  This was disappointing as we wanted to finish off the evening with that surprise.  Called the manager this morning who apologized but absolutely no offer of a gift card for a dessert that could make this up to my friend.  That was not good business.",eaten restaurant several times enjoy food last night brought friends another couple one birthdays afternoon called spoke hostess tell would like happy birthday written plate whatever dessert ordered arrived restaurant ran ahead mentioned hostess different one spoke phone fact order dessert no acknowledgement birthday either candle writing plate slow evening no excuse busy but messages not relayed waiter good way not fault disappointing wanted finish evening surprise called manager morning apologized but absolutely no offer gift card dessert could make friend not good business,1,0,0.00083489,0.99916518,0.49916511,84,84,medium,1,medium|contains_negation,Highest-confidence misclassification in the medium length slice.,,,
slice_specific,test-21813,"Our flight arrived to Vegas earlier than excepted, so we expected our room not to be ready. When we arrived at the hotel on May 19th, the front desk girl offered us a room that was ready on the 28th floor that wasn't facing the Bellagio fountain. I booked a corner view suite had requested a room on a high floor with a Bellagio fountain view when I first made the reservation. There are 56 floors at the hotel. She then said there was a room on the 30th floor with a view of the Bellagio fountain, but it wasn't ready. She continued to look for rooms, which she then said that there was a room on the 50th room with a Bellagio fountain view, but it wasn't ready yet either. We agreed to wait for that room to be cleaned, which she said it would be couple of hours before it would be ready. We waited a couple of hours by walking around the area before calling to check to see if the room was ready yet. I was transferred to housekeeping, who said it wasn't ready yet and they would call me back when it was. After eating and walking around some more for a couple more hours without hearing back from anyone, we decided to go back to the hotel and was told that the room was ready. It would of been nice if they had called me as they told me they would\n\nUpon inspecting the room, we found a dirty fork and knife in the dishwasher, as well as trash in a trash can underneath the kitchen sink. When housekeeping called to see if the utensils were delivered, which I requested upon check-in and had been delivered, I told them about the trash and dirty utensils. They said they would send someone up to take care of it. No one ever showed up, so the trash and dirty utensils were left until the next day when housekeeping came to clean the room. The room did have a great view of the fountain, strip, and mountains!!!\n\nOn the evening of Thursday May 20th, I called concierge to attempt to change reservation time for dinner at Jean Georges Steakhouse at Aria. I held on the phone for 30 mins waiting for someone to answer, but no one ever did, so I hung up and decided to call the restaurant directly myself. \n\nThe hotel is a nice hotel, which unlike some other reviewers, I feel that it IS within a short walk to the Bellagio, Aria, The Cosmopolitan, and the strip. I would suggest going to the 24hr CVS, which is a short walk and is located a block south of CityCenter on the strip to grab snacks and drinks, since the market inside the hotel has limited choices and closes at a certain time.\n\nThe Clark County fire station is located adjacent to the property. They tend to stay busy, which on one of the late nights/early morning hours, they seemed to respond to several calls in a span of 4 to 5 hours. The windows are not sound proof, so you will hear the sirens, which may interrupt your sleep if you're a light sleeper.\n\nThe entire property is nice, which I would stay there again, especially with it being a non-smoking/non-gaming hotel.",flight arrived vegas earlier excepted expected room not ready arrived hotel may 19th front desk girl offered us room ready 28th floor wasnt facing bellagio fountain booked corner view suite requested room high floor bellagio fountain view first made reservation 56 floors hotel said room 30th floor view bellagio fountain but wasnt ready continued look rooms said room 50th room bellagio fountain view but wasnt ready yet either agreed wait room cleaned said would couple hours would ready waited couple hours walking around area calling check see room ready yet transferred housekeeping said wasnt ready yet would call back eating walking around couple hours without hearing back anyone decided go back hotel told room ready would nice called told would n nupon inspecting room found dirty fork knife dishwasher well trash trash underneath kitchen sink housekeeping called see utensils delivered requested upon check delivered told trash dirty utensils said would send someone take care no one ever showed trash dirty utensils left next day housekeeping came clean room room great view fountain strip mountains n non evening thursday may 20th called concierge attempt change reservation time dinner jean georges steakhouse aria held phone 30 mins waiting someone answer but no one ever hung decided call restaurant directly n nthe hotel nice hotel unlike reviewers feel within short walk bellagio aria cosmopolitan strip would suggest going 24hr cvs short walk located block south citycenter strip grab snacks drinks since market inside hotel limited choices closes certain time n nthe clark county fire station located adjacent property tend stay busy one late nights early morning hours seemed respond several calls span 4 5 hours windows not sound proof hear sirens may interrupt sleep youre light sleeper n nthe entire property nice would stay especially non smoking non gaming hotel,1,0,0.00078479,0.99921525,0.49921521,297,207,long,1,long|contains_negation,Highest-confidence misclassification in the long length slice.,,,
slice_specific,test-10109,"Pros: \n- Right in the middle of the strip.\n- Access to the monorail within the hotel.\n- The Fab Deluxe was clean and the beds were soft.\n- Cheapest Price in the Middle of the strip.\n- Rooms are well kept.\n- Margarita Ville\n\nCons:\n- Cellphone Reception in the rooms. (No signal in any of the rooms. Casino OK)\n- No Free Wifi for Suite Rooms. Wifi is bad and slow.\n- Buffet is weak and did not have much. (AVOID)\n- No good channels. (1) kids channel.\n- Room Service Ends at 9pm (Way too early) and starts at 6am.\n\nMy review based on the Fab Deluxe Room.\n\nI stayed here on a Saturday and Sunday. Got here around 12pm and checked in early ($20 Fee). I ordered an extra bed ($60) and was given a room key and went into my room. The hallway seems a but rundown and the cieling is VERY low! (Anyone over 6\"""" may have to duck a bit!) The room was well kept and very clean. (Exactly Like their Online Picture!). The TV was a small flat Screen with no good channels and 1 kids channel. Mostly they're advertisements. The bathroom was ok. Its a cookie cutter bathroom. (Same design as the rest of the Hotels). Beds are soft and comfortable and the pillows were fluffy!\n\nRoom Service stops at 9pm and starts at 6am which is dissapointing compared to the 24 Hour Room Service at Hooters. \n\nCellphone reception is TERRIBLE in the rooms! Using a Verizon Wireless Phone I could barely keep 4G (1 bar) in my room! Sometimes the signal drops all together. Inside the Casino its fine.\n\nWifi is $12 for ONE DEVICE. The connection is slow and just logging in was a pain. Pass on the wifi.\n\nTheir Buffet is terrible! (We had brunch) The selection was insulting to buffets. There were about 12 selections for food (Sausage, Hashbrowns, Bacon, Eggs Benedict) but over 25 selections for Salad toppings!!!! They did have a choclate fountain but it was not worth the $20 admission! Make a pass on this buffet.\n\nThe Casino is the same as the rest.\n\nThe flamingo has a Monorail station down the hall for easy access to all the strip and I highly recommend getting a pass when heading home as it will save you walking (Especially if youre at the edges of the strip!)\n\nDid not experience the pool because it was winter and I did not experience the Flamingo Garden walkway. \n\nOverall:\n\n4/5\n\nGreat Location, Price, Monorail Stop location and Rooms...but terrible cellphone signal, wifi, and room service.",pros n right middle strip n access monorail within hotel n fab deluxe clean beds soft n cheapest price middle strip n rooms well kept n margarita ville n ncons n cellphone reception rooms no signal rooms casino ok n no free wifi suite rooms wifi bad slow n buffet weak not much avoid n no good channels 1 kids channel n room service ends 9pm way early starts 6am n nmy review based fab deluxe room n ni stayed saturday sunday got around 12pm checked early 20 fee ordered extra bed 60 given room key went room hallway seems but rundown cieling low anyone 6 may duck bit room well kept clean exactly like online picture tv small flat screen no good channels 1 kids channel mostly theyre advertisements bathroom ok cookie cutter bathroom design rest hotels beds soft comfortable pillows fluffy n nroom service stops 9pm starts 6am dissapointing compared 24 hour room service hooters n ncellphone reception terrible rooms using verizon wireless phone could barely keep 4g 1 bar room sometimes signal drops together inside casino fine n nwifi 12 one device connection slow logging pain pass wifi n ntheir buffet terrible brunch selection insulting buffets 12 selections food sausage hashbrowns bacon eggs benedict but 25 selections salad toppings choclate fountain but not worth 20 admission make pass buffet n nthe casino rest n nthe flamingo monorail station hall easy access strip highly recommend getting pass heading home save walking especially youre edges strip n ndid not experience pool winter not experience flamingo garden walkway n noverall n n4 5 n ngreat location price monorail stop location rooms but terrible cellphone signal wifi room service,1,0,0.00082270,0.99917728,0.49917730,278,207,long,1,long|contains_negation,Highest-confidence misclassification whose processed text contains a negation token.,,,
slice_specific,test-1238,"This is more of appreciation than an actual review.\nAs a former long time Az state employee health care was extremely frustrating. Now in retirement my medicare supplement is not an improvement. Same carrier, different plan. To find a provider, conservatively speaking, is close to impossible, due to the extremely low provider payments and the fact that the provider listings, year after year are a sad joke.Call ten places from the directory and most are not contracted or wrong address or have not been provider for years. A heart specialist was listed as under water specialist? For my needed cataract surgery I spent dozens of hours on the phone with\ncarrier who promises to call back and never does.\nVery nice and courteous and caring completely inept\npeople. After a month I gave up on my carrier and spoke to a number of offices unrelated to cataracts.\nAs usual Hatfield Family Medicine (Concentra)\nwas more than nice and caring. I left their office\nhaving an appointment at Barnet, Dulaney, Perkins\nwho are highly competent but one of possibly two firms who will accept my carrier's measly payment.\nHatfield continued to work on what they had no need to do in the first place and mailed me info on another doctor they believe will accept my plan.\nIn a few days I will finally be seen after three months of wasted time. I have to think it is generosity on the part of Barnet, Dulaney Perkins.\nA review will follow.",appreciation actual review nas former long time az state employee health care extremely frustrating retirement medicare supplement not improvement carrier different plan find provider conservatively speaking close impossible due extremely low provider payments fact provider listings year year sad joke call ten places directory not contracted wrong address not provider years heart specialist listed water specialist needed cataract surgery spent dozens hours phone ncarrier promises call back never nvery nice courteous caring completely inept npeople month gave carrier spoke number offices unrelated cataracts nas usual hatfield family medicine concentra nwas nice caring left office nhaving appointment barnet dulaney perkins nwho highly competent but one possibly two firms accept carriers measly payment nhatfield continued work no need first place mailed info another doctor believe accept plan nin days finally seen three months wasted time think generosity part barnet dulaney perkins na review follow,1,0,0.00095157,0.99904841,0.49904843,142,142,long,1,long|contains_negation,"Highest-confidence remaining misclassification in long, the length slice with the highest error rate.",,,
