epoch,global_step,training_cross_entropy,validation_cross_entropy,validation_top1_accuracy,mean_gradient_norm,learning_rate_end,loss_spike_count
1.0,1563.0,1.5069286369503159,0.8713067546166448,0.7374456195619562,1.7895088312111829,0.00029484181455434813,89.0
2.0,3126.0,0.8452979494700873,0.7000561586581823,0.7868333708370837,1.5778573695010125,0.0002767563631014062,0.0
3.0,4689.0,0.7331531183409435,0.6347991341423399,0.8055766514151416,1.31810969293537,0.00024744696216512645,0.0
4.0,6252.0,0.677261230223371,0.5991515649391516,0.8164339871487148,1.1871213955674809,0.00020985722252852263,0.0
5.0,7815.0,0.6423370537542958,0.5716654564609693,0.8233940581558156,1.140156549097099,0.00016776236850155402,0.0
6.0,9378.0,0.6180309203035712,0.5532433666256812,0.8290954095409541,1.12377766371536,0.00012539008343034433,0.0
7.0,10941.0,0.6000639438505156,0.5415869509652801,0.8321644664466447,1.130749123529677,8.69959137011097e-05,0.0
8.0,12504.0,0.5866415174775677,0.5318906818142961,0.8352241474147415,1.145819691916116,5.6435874394661336e-05,0.0
9.0,14067.0,0.5775500076505417,0.5257096439734115,0.837168091809181,1.1629343962181247,3.6779180792040004e-05,0.0
10.0,15630.0,0.5718861394892722,0.5225154000683443,0.8377564318931893,1.1811099850971274,3e-05,0.0
11.0,17193.0,0.5690760093889768,0.521106406478527,0.8384471259625963,1.2113102206951978,3e-05,0.0
12.0,18756.0,0.5669259615040172,0.5185505391860178,0.8392018889388939,1.2332735022748043,3e-05,0.0
13.0,20319.0,0.5648182054933583,0.5170222670570089,0.8396886563656366,1.2575020191384216,3e-05,0.0
14.0,21882.0,0.562948268320577,0.5151729209981736,0.8401293254325433,1.2795591365047854,3e-05,0.0
15.0,23445.0,0.5610713379748893,0.5136746966918715,0.8405653065306531,1.3003054064050823,3e-05,0.0
16.0,25008.0,0.5594551754824388,0.5119049939671473,0.8410044129412941,1.3200426774381906,3e-05,0.0
17.0,26571.0,0.5580679290243643,0.5109368056663931,0.8412950670067006,1.3394460385988252,3e-05,0.0
18.0,28134.0,0.5564276023143179,0.5093641879856855,0.8415396227122712,1.3592873100127003,3e-05,0.0
19.0,29697.0,0.5550160598404124,0.5093416079412354,0.8418849697469747,1.3775331431753117,3e-05,0.0
20.0,31260.0,0.5535199086909827,0.5075388650844569,0.8423092309230923,1.3968750027914651,3e-05,0.0
