metric,value,experiment_name,member,dataset_revision,split_seed,epoch,global_step,checkpoint,raw_log,definition
training_cross_entropy,0.5535199086909827,task1_drashti_train_continue,drashti,f54c09fd23315a6f9c86f9dc80f725de7d8f9c64,266,20,31260,task1_llm/drashti/checkpoints/task1_drashti_train_continue_20260928T075219828443Z_epoch20_step31260.pt,reproducibility/raw_logs/task1_drashti_train_continue_20260928T072242123664Z_ab61faf8.log,"Token-weighted mean training cross entropy of the selected epoch, in nats. Training mode uses dropout."
validation_cross_entropy,0.5075388650844569,task1_drashti_train_continue,drashti,f54c09fd23315a6f9c86f9dc80f725de7d8f9c64,266,20,31260,task1_llm/drashti/checkpoints/task1_drashti_train_continue_20260928T075219828443Z_epoch20_step31260.pt,reproducibility/raw_logs/task1_drashti_train_continue_20260928T072242123664Z_ab61faf8.log,"Token-weighted validation cross entropy recomputed from the selected checkpoint, in nats."
perplexity,1.6611977279949182,task1_drashti_train_continue,drashti,f54c09fd23315a6f9c86f9dc80f725de7d8f9c64,266,20,31260,task1_llm/drashti/checkpoints/task1_drashti_train_continue_20260928T075219828443Z_epoch20_step31260.pt,reproducibility/raw_logs/task1_drashti_train_continue_20260928T072242123664Z_ab61faf8.log,exp(validation cross entropy).
bits_per_character,0.7322238037157587,task1_drashti_train_continue,drashti,f54c09fd23315a6f9c86f9dc80f725de7d8f9c64,266,20,31260,task1_llm/drashti/checkpoints/task1_drashti_train_continue_20260928T075219828443Z_epoch20_step31260.pt,reproducibility/raw_logs/task1_drashti_train_continue_20260928T072242123664Z_ab61faf8.log,validation cross entropy / ln(2).
generalization_gap,-0.04598104360652577,task1_drashti_train_continue,drashti,f54c09fd23315a6f9c86f9dc80f725de7d8f9c64,266,20,31260,task1_llm/drashti/checkpoints/task1_drashti_train_continue_20260928T075219828443Z_epoch20_step31260.pt,reproducibility/raw_logs/task1_drashti_train_continue_20260928T072242123664Z_ab61faf8.log,selected-epoch validation cross entropy minus selected-epoch training cross entropy.
top1_accuracy,0.8423092309230923,task1_drashti_train_continue,drashti,f54c09fd23315a6f9c86f9dc80f725de7d8f9c64,266,20,31260,task1_llm/drashti/checkpoints/task1_drashti_train_continue_20260928T075219828443Z_epoch20_step31260.pt,reproducibility/raw_logs/task1_drashti_train_continue_20260928T072242123664Z_ab61faf8.log,Correct argmax next-character predictions divided by evaluated validation targets.
distinct_1,0.011197916666666667,task1_drashti_train_continue,drashti,f54c09fd23315a6f9c86f9dc80f725de7d8f9c64,266,20,31260,task1_llm/drashti/checkpoints/task1_drashti_train_continue_20260928T075219828443Z_epoch20_step31260.pt,reproducibility/raw_logs/task1_drashti_train_continue_20260928T072242123664Z_ab61faf8.log,Unique generated character 1-grams divided by total generated character 1-grams.
distinct_2,0.07887840670859539,task1_drashti_train_continue,drashti,f54c09fd23315a6f9c86f9dc80f725de7d8f9c64,266,20,31260,task1_llm/drashti/checkpoints/task1_drashti_train_continue_20260928T075219828443Z_epoch20_step31260.pt,reproducibility/raw_logs/task1_drashti_train_continue_20260928T072242123664Z_ab61faf8.log,Unique generated character 2-grams divided by total generated character 2-grams.
distinct_3,0.20121308016877637,task1_drashti_train_continue,drashti,f54c09fd23315a6f9c86f9dc80f725de7d8f9c64,266,20,31260,task1_llm/drashti/checkpoints/task1_drashti_train_continue_20260928T075219828443Z_epoch20_step31260.pt,reproducibility/raw_logs/task1_drashti_train_continue_20260928T072242123664Z_ab61faf8.log,Unique generated character 3-grams divided by total generated character 3-grams.
repeated_4gram_rate,0.1496815286624204,task1_drashti_train_continue,drashti,f54c09fd23315a6f9c86f9dc80f725de7d8f9c64,266,20,31260,task1_llm/drashti/checkpoints/task1_drashti_train_continue_20260928T075219828443Z_epoch20_step31260.pt,reproducibility/raw_logs/task1_drashti_train_continue_20260928T072242123664Z_ab61faf8.log,"For one generated continuation, a 4-gram position is repeated when the same four characters occurred at a strictly earlier position in that same continuation. The sample rate is repeated positions divided by the number of 4-gram positions. The reported rate is the unweighted mean of the sample rates. Prompts are excluded."
gradient_norm,1.2916139577911667,task1_drashti_train_continue,drashti,f54c09fd23315a6f9c86f9dc80f725de7d8f9c64,266,20,31260,task1_llm/drashti/checkpoints/task1_drashti_train_continue_20260928T075219828443Z_epoch20_step31260.pt,reproducibility/raw_logs/task1_drashti_train_continue_20260928T072242123664Z_ab61faf8.log,Mean pre-clip global L2 gradient norm over optimizer steps 1 through 31260.
loss_spike_count,89,task1_drashti_train_continue,drashti,f54c09fd23315a6f9c86f9dc80f725de7d8f9c64,266,20,31260,task1_llm/drashti/checkpoints/task1_drashti_train_continue_20260928T075219828443Z_epoch20_step31260.pt,reproducibility/raw_logs/task1_drashti_train_continue_20260928T072242123664Z_ab61faf8.log,Sum of per-epoch spike counts for epochs 1 through 20.
nan_count,0,task1_drashti_train_continue,drashti,f54c09fd23315a6f9c86f9dc80f725de7d8f9c64,266,20,31260,task1_llm/drashti/checkpoints/task1_drashti_train_continue_20260928T075219828443Z_epoch20_step31260.pt,reproducibility/raw_logs/task1_drashti_train_continue_20260928T072242123664Z_ab61faf8.log,Non-finite training loss or gradient events across both runs.
parameter_count,839168,task1_drashti_train_continue,drashti,f54c09fd23315a6f9c86f9dc80f725de7d8f9c64,266,20,31260,task1_llm/drashti/checkpoints/task1_drashti_train_continue_20260928T075219828443Z_epoch20_step31260.pt,reproducibility/raw_logs/task1_drashti_train_continue_20260928T072242123664Z_ab61faf8.log,Trainable parameter count of the GPT.
training_tokens_per_second,78682.28343091988,task1_drashti_train_continue,drashti,f54c09fd23315a6f9c86f9dc80f725de7d8f9c64,266,20,31260,task1_llm/drashti/checkpoints/task1_drashti_train_continue_20260928T075219828443Z_epoch20_step31260.pt,reproducibility/raw_logs/task1_drashti_train_continue_20260928T072242123664Z_ab61faf8.log,Target tokens during optimizer steps 1 through 31260 divided by those steps' wall time.
generation_tokens_per_second,173.83107985502133,task1_drashti_train_continue,drashti,f54c09fd23315a6f9c86f9dc80f725de7d8f9c64,266,20,31260,task1_llm/drashti/checkpoints/task1_drashti_train_continue_20260928T075219828443Z_epoch20_step31260.pt,reproducibility/raw_logs/task1_drashti_train_continue_20260928T072242123664Z_ab61faf8.log,Median of 5 greedy generation timings on the selected checkpoint.
peak_memory_bytes,532414464,task1_drashti_train_continue,drashti,f54c09fd23315a6f9c86f9dc80f725de7d8f9c64,266,20,31260,task1_llm/drashti/checkpoints/task1_drashti_train_continue_20260928T075219828443Z_epoch20_step31260.pt,reproducibility/raw_logs/task1_drashti_train_continue_20260928T072242123664Z_ab61faf8.log,Larger of the epoch 1-10 process peak RSS and the epoch 11-20 process peak RSS.
total_training_time_seconds,3372.759842749998,task1_drashti_train_continue,drashti,f54c09fd23315a6f9c86f9dc80f725de7d8f9c64,266,20,31260,task1_llm/drashti/checkpoints/task1_drashti_train_continue_20260928T075219828443Z_epoch20_step31260.pt,reproducibility/raw_logs/task1_drashti_train_continue_20260928T072242123664Z_ab61faf8.log,Sum of the epoch 1-10 training wall time and the epoch 11-20 training wall time. The pause between processes is excluded.
training_time_epochs_1_to_10_seconds,1594.9798009169972,task1_drashti_train_continue,drashti,f54c09fd23315a6f9c86f9dc80f725de7d8f9c64,266,20,31260,task1_llm/drashti/checkpoints/task1_drashti_train_continue_20260928T075219828443Z_epoch20_step31260.pt,reproducibility/raw_logs/task1_drashti_train_continue_20260928T072242123664Z_ab61faf8.log,Wall time of the original run from the start of epoch 1 through the end of epoch 10 validation.
training_time_epochs_11_to_20_seconds,1777.7800418330007,task1_drashti_train_continue,drashti,f54c09fd23315a6f9c86f9dc80f725de7d8f9c64,266,20,31260,task1_llm/drashti/checkpoints/task1_drashti_train_continue_20260928T075219828443Z_epoch20_step31260.pt,reproducibility/raw_logs/task1_drashti_train_continue_20260928T072242123664Z_ab61faf8.log,Wall time of the continuation from the start of epoch 11 through the end of epoch 20 validation.
selected_epoch,20,task1_drashti_train_continue,drashti,f54c09fd23315a6f9c86f9dc80f725de7d8f9c64,266,20,31260,task1_llm/drashti/checkpoints/task1_drashti_train_continue_20260928T075219828443Z_epoch20_step31260.pt,reproducibility/raw_logs/task1_drashti_train_continue_20260928T072242123664Z_ab61faf8.log,Epoch whose validation cross entropy was lowest. Final generation and validation metrics use that checkpoint.
