index,category,slice,text,true_label,predicted_label,probability_positive,error_type,testable_fix,reviewed_by_student
29330,confident_false_positive,medium,"Wow love the place and everything is very clean and new!\n\nGreat place to come and relax worth a try!\n\nCheers,\n\nEric Van Nguyen\nVisited April 2012",0,1,0.9999353885650635,REVIEW REQUIRED,Review negation/ambiguity; test negation-aware preprocessing or a CNN kernel comparison.,NO
4655,confident_false_positive,medium,"good: it's cheap, loud, every now and then a good band will play, good drink selection.\n\nbad: the parking and the crowd.\n\nit's fun to watch the young kids marvel in this new bar they've just discovered and is totally the coolest place, like, ever.  funny stuff.",0,1,0.999642014503479,REVIEW REQUIRED,Review negation/ambiguity; test negation-aware preprocessing or a CNN kernel comparison.,NO
21942,confident_false_positive,long,"To be fair, I'll separate this review into 2 parts: 1 about the food and 2 about the horrendous service.\n\n(((1))) FOOD: 3/5 stars\n$24 per person for the weekday (no seafood) dinner buffet - certainly a better price than the buffets on the strip. The food here was average. I was only able to find a handful of solid items that I could enjoy. Would I come back? Slight chance, but ONLY for the the sashimi salad and the few items I have listed below:\n\n- Salmon sashimi salad - This was the star of the entire dinner. The salmon was extremely buttery, sweet, moist, and fresh. I could just eat this all night and be happy. \n- American beef BBQ ribs - The ribs were meaty, not too dry, and the BBQ sauce was sweet and tangy. It satisfied my rib craving just fine.\n- Chinese style BBQ pork ribs - The Chinese BBQ sauce was sweet and not too salty. The ribs were moist, meaty, and didn't have too much fat, which made it enjoyable. \n- Kalbi (Korean BBQ beef ribs) - I enjoyed the flavorful and bold Korean sweet and salty marinade. Some of the meat was tender, but there were also many pieces that were charred to a crispy black.\n- The creme br\u00fbl\u00e9e was perfectly custardy. \n- The luscious flan had a beautiful smooth texture and not overly sweet.\n- I also enjoyed being able to order Americano and expresso from the dessert bar. They were both light (watery) and not robust, but they were packed with enough caffeine to fight off the food coma.  \n\nThe rest of the food and desserts offered at the buffet were either dried out, overcooked, bland, mushy, or tasted like dishwater. I was also really looking forward to the oysters and crab legs that I've seen in pictures, but alas I didn't see them being offered last night - Note: the seafood buffet is more expensive ($40) and it's only offered Fri-Sat-Sun. \n\n(((2))) SERVICE: 0/5 stars\nThe servers here are shockingly rude and ruined my experience at this buffet and my appetite. \n\nWhen we arrived, the ladies working the front registers advised us that their buffet line will be closing at 9 pm tonight and that's also when the food will stop being refreshed. It was about 7:50 pm, so that wasn't a problem to us - from our understanding, we wouldn't be able to grab anymore food after 9, but we would still be able to finish our meal even after the buffet line was closed. Well, that's typically the case at most buffets...\n\nApparently that's not the case here. What ended up happening was, we grabbed our food, ate, and when 9 pm rolled up, our server abruptly came up to us and said, \""""you have to leave now, we're closed.\"""" Her tone of voice was extremely coarse and unprofessional. Mind you, we still had a plate full of food in front of us and we were in the middle of eating (chewing) when she rudely addressed us. I had an obvious look of confusion written all over my face and she then quickly said, \""""I'll give you up to 5 minutes, then you must leave\"""" --- Wow, who talks like that? I was in utter shock that our server was so extremely abrasive. We were just trying to enjoy the rest of our dinner and didn't know that they wanted us out of the restaurant by 9 pm - no one told us that! How does \""""buffet line closes at 9\"""" = \""""you must get out by 9\""""?!\n\nWe quickly tried to finish chewing so we can get the heck out of there and then another gentleman rushed up to us and yelled at us, \""""just to let you know, you have less than 2 minutes to leave.\"""" ---seriously? You can't even approach us with kindness and professionalism? I was beyond infuriated at that point and also still so confused as to how the staff here carried themselves with such poor etiquette. \n\nWith hindsight, I understand that it was major negligent miscommunication between the staff and my party, but even so, that's never an appropriate reason to mistreat your guests or speak to them like they are livestock. \n\nAlso, to rub a pound of salt into our wounds - I didn't even know we could have unlimited beer/wine during our buffet - none of the servers or staff informed us. I just ordered a coke and our waitress never even came back to refill it! My glass was empty 15 minutes into eating there and I had to get up and go look for her and ask her if I may get a refill. Of course she forgot to refill it, so I had to get another server to refill it for me. Finally, my server waltzes up with my refilled coke. It was an extremely annoying dinner to say the least.",0,1,0.9990563988685608,REVIEW REQUIRED,Review negation/ambiguity; test negation-aware preprocessing or a CNN kernel comparison.,NO
34683,confident_false_positive,long,"Everyday Noodles has a lot going for it:  Fast, friendly service, attractive decorations, impeccably clean just renovated interior, reasonable prices and convenient location.  They only have one issue, bland, plain food.  The textures and temperatures were right, but between us, my dinner party tried about a dozen appetizers and entrees and the flavors were consistently very simple and tame.  \n\nPlenty of people don't like intense flavors, and this would be perfect for them.  When they go, they'll only spot me at Everyday Noodles if I'm walking by it, on my way to How Lee or the Raman Bar across the street for more flavorful, adventurous fair.",0,1,0.9989961981773376,REVIEW REQUIRED,Review negation/ambiguity; test negation-aware preprocessing or a CNN kernel comparison.,NO
17495,confident_false_positive,long,"It was my sister's bachelorette party and I bought us all tickets to go to this Prince Tribute show. The show was good. It brought back alot of memories for me and my sisters and the music was a blast. \n\nThe only messed up thing about this show was the back up dancer. SHE WILL HATE YOU IF YOU ARE PRETTIER THAN HER! I'm not trying to talk crap, just the truth. My little sister is gorgeous. Once the show was over, the dancer immediately starting talking ish to my little sister saying how my sister was hating on her when my little sister was dancing and cheering her on the whole time when she was on stage! She totally killed the mood. Even the \""""Prince\"""" person said that my sister was pretty and boy oh boy, the dancer did not like that!\nShe pretty much ruined what was supposed to be a good time! So thanks biotch!\n\nSo the actual \""""show\"""" was good. The performance was good, but the cast (the dancer and prince)were all stuck up!\n\nMorris Day and the other guys were very good though, so kudos to them!",0,1,0.9989546537399292,REVIEW REQUIRED,Review negation/ambiguity; test negation-aware preprocessing or a CNN kernel comparison.,NO
19058,confident_false_negative,long,"ORIGINAL POST (ALSO SEE UPDATE BELOW) \nNew South is a go-to dinner place for us, for a reasonably priced, solid meal.  However, tonight was disappointing on a number of points:  We were seated at a booth that had a large patch of red duct tape over a hole in the seat (I hope this is very recent and temporary??).  We then sat about 5 minutes before anyone noticed us at a table, and then it was someone other than our eventual waitress.  The waiter who did greet us took our drink orders and promptly served us, followed soon by our waitress, who from then on did fine attending our table.  I ordered the mixed greens salad and forgot to ask for dressing on the side (my fault), and yes, it had too much dressing on it, but also just a disappointing salad for $6 -- greens and not much else, and the greens not all that fresh.  I ordered the flank steak, which I've had before and loved, but tonight I could only eat about 1/2 of it because of how chewy most of the meat was (some I just had to stop chewing and spit out; other parts I could get through by cutting really small bites and chewing a lot).  The dish was also overly sauced with a very salty brine that seemed to be mostly just W sauce.  The potatoes were pretty tasteless and watery (with some soft chunks in there too).  Green beans were crisp-cooked and good.\n\nOn the plus side, my husband ordered the pork, which he said was tasty and tender.  Also, you can't beat $4 for a generous pour of a very decent house cabernet.  Add to that their participation in Citipass and other discounts, and I am willing to overlook an occasional disappointing meal since the price is right, but tonight, yes, I was very disappointed in one of my favorite non-fancy restaurants.\n\nUPDATE:  After posting this review above, the owner contacted me and offered to comp my meal.  I suggested I just visit again and give them another try, which we did tonight (11/11/11).  Everything was superb!  Got seated quickly, table visited & serviced promptly.  I had the red fish entree, and my husband had the pork shoulder.  Both were perfect, and the sides were great.  Loved the fresh greens \""""slaw\"""" on the fish, and the braised squash.  Cooking time was still just a tad longer than some places, but the dining room and bar were both packed (Carrier Classic on the big screens), so I imagine there was just a temporary backlog as we were there at peak time.\n\nI appreciate that New South offers deals in Citipass, etc.  Their menu is already affordable, so that makes it an even better deal.\n\nI spoke to the chef/owner and his wife; both were gracious and interested in our impressions, and they comped our meal tonight.  It doesn't get much classier than that.  Thanks, New South.  We will be back!",1,0,0.00015288272697944194,REVIEW REQUIRED,Review sarcasm/contrast; test contrast-aware features or more epochs.,NO
29494,confident_false_negative,long,"UPDATED. \n\nMy initial very frustrated and dramatic review read as follows:\n\nBililng practices are at best negligent and at worst fraudulent.  \n\nI started going to the studio per a groupon.  I enjoyed the experience so much that I purchased a discounted 20 pack of classes.  When I purchased the classes, my credit card was charged.  However, the purchase didn't show up in my online account so I couldn't schedule classes.  I called The Studio and they told me that they'd credited the classes to another student but they did remedy the situation. \n\nFast forward about 6 months and I am reviewing my credit card statement.  Lo and behold a mysterious charge from the Studio shows up for $130.  I have not even been back there in months and certainly have not authorized any transactions to this business.  I am now disputing the charge via my credit card. \n\nThe yoga is great but all these terrible billing practices make it not worth your time in the long run.\n\nUpdates:\n\nAfter reading this, the studio owner went out of her way to contact me to try and correct the error.  She contacted me several times over a month and offered to resolve the issue in minutes if I called her.  I couldn't manage to find time to call her, but she refused to give up and tracked down my information and resolved the situation in a way that goes above and beyond what can be expected from a business owner.  I can certainly say that although I was frustrated by the two billing mixups, this business went out of its way to accomodate and help me, even when I couldn't go out of my way to try and correct the error.  I am thus updating my review to 4 stars- not quite 5 due to the initial errors- but they certainly get 5 for the way they managed this.  \n\nAlso, as previously mentioned, the yoga is great.",1,0,0.0002779164642561227,REVIEW REQUIRED,Review sarcasm/contrast; test contrast-aware features or more epochs.,NO
30958,confident_false_negative,long,"Look, we all know Cox sucks. In fact they are a terrible business and their practices are laughable. However they are a necessary evil if you want Internet that isn't garbage that can handle streaming/gaming. The way they handle issues over the phone is worse than Comcast, and for all my east coast brothers/sisters you know what a serious accusation that is. It all started with shitty TV Service. My household went through 4 dvr boxes. 4. That all broke. All of them. 100's of hours of TV. Lost. Every. Single. Time. Their solution? Downgrade from contour. That's their genius solution. So my solution? Upgrade to Dish for TV. PROBLEM SOLVED. However they charged us $200 to disconnect claiming we were on a contract. Nope, disputed that. However to dispute it you have to literally mail a letter to corporate. In the mean time, they cut off my Internet service for pay bills AND THEN DOUBLE CHARGED ME FOR THE INTERNET. WHAT? EXCUSE ME? How does that even make sense? So, an angry phone call and 2 hours on hold, I get the Internet back on because I work from home and to refund the double charged service they have to send a check, via the mail, to a local store. Okay, cool. A week later, let's drive from San tan valley to Gilbert. Once we arrive , turns out the check wasn't mailed. In fact the person helping us via the phone wrote that checks can't be sent to the store, and put a future apology in the notes to us. Thanks Cox cock. So, if you made it this far, why do I give this store 5 stars? The Manager, Mario. That's why. The savior of my people. Stepped in. Saw the crap we went through and listened to my tale. With about 5 minutes of effort , he credited our account for $300. $200 for the bs fee , $50 for the double charge and another $50 just because he was sorry. That's customer service. That's being a great human. He's the man, and my opinion of Cox has changed. ALWAYS GO TO A COX STORE. ALWAYS! They know their stuff and actually care. They are not the call center idiots. They are true experts and will always get the job done. Thank you Mario at the Gilbert Cox Store. Thank you so much",1,0,0.00028607682907022536,REVIEW REQUIRED,Review sarcasm/contrast; test contrast-aware features or more epochs.,NO
21215,confident_false_negative,long,"Last night several parents came in with over 15 children to celebrate their 9 year olds 4th grade graduation at 9:15 pm. The bartender expressed that it was not a place to have children running around as it is against the law and a liability issue if anything were to happen to them on their premise. The children were running in and out of the bar while the parents continued to drink upstairs claiming to watch them in the open park way. After their third round of drinks the bartender told them they were no longer welcomed due to the fact the kids were unsupervised as well as the other customers had cleared out expressing \""""whether the bar was a childcare center\"""". One father even started swearing at her telling her it was none of her business what their children were doing. I am offended in that they completely took advantage of her, were rude, not to mention had their children with them at a bar at 10:00pm in the evening. I will say the bartender was very cordial and had mind to do the right thing.",1,0,0.00041731278179213405,REVIEW REQUIRED,Review sarcasm/contrast; test contrast-aware features or more epochs.,NO
33519,confident_false_negative,long,"I was, prior to visiting, a little disappointed that I never got a chance to visit D'Arcy McGee's before it was replaced by Bar Louie. After hearing from my employer and his brother-in-law that it was not such a great place, that disappointment faded.\n\nI decided to visit Bar Louie in early November while I was at Tempe Marketplace to watch a movie. I walked through the front door and was not greeted by either a hostess or any other employee. I traipsed toward the bar and was also not greeted by either of the two bartenders behind the bar. I continued forward and finally found a nice young lady whom I asked about seating. She retrieved a server and I requested to be sat on the patio. The patio was empty and I chose a corner table. My waiter informed me that he would be right back and would bring me a menu.\n\nAfter bringing a menu back, I inquired as to whether or not there were any beer specials ongoing. I was dismayed to find out that their refrigeration system was on the fritz and they only had three beers available: New Castle Brown Ale and two run-of-the-mill, piss-poor domestics. I chose the New Castle.\n\nAfter receiving my drink, I ordered from their very straightforward menu after asking the server what his personal favorite menu item was. The \""""Four Tacos Plato\"""" with blackened fish was selected, and off went the server.\n\nI received my food in a very timely manner and it was piping hot. Everything tasted fresh and it looked well-constructed.\n\nMy only complaint was the portion size. The tacos were listed under the \""""Large Plate\"""" section of the menu, but the tacos themselves were quite small. They were more reminiscent of street tacos as opposed to restaurant fare. Regardless, the service was prompt, friendly and knowledgeable, the food was quite good and the atmosphere (at least from where I was sitting; on the outside looking in) seemed warm.\n\nAll-in-all, I can recommend it to others, but I can't say that it is a five-star establishment.",1,0,0.0004226780729368329,REVIEW REQUIRED,Review sarcasm/contrast; test contrast-aware features or more epochs.,NO
15330,near_threshold_error,medium,Ate at Outback for lunch with my family. Went back to hotel and vomited for the next 13 hours. Cause? You decide.,0,1,0.5000960826873779,REVIEW REQUIRED,Test threshold tuning on validation data and calibrated probabilities.,NO
30725,near_threshold_error,long,"I understand the gimmick of this restaurant and also know to factor that into thinking about the experience and the food I'm going to have or had. The \""""waitnurses,\"""" as I'd like to coin this term, are very friendly, save the one I accidentally caught scratching the middle pocket of her apron around the area near what some would call \""""wonderland.\"""" Oh, of course she happened to be the one to serve us. \n\nMy brother, my love and I went in, were draped in their clean bib-acting robes. As we passed by a wheelchair for an obese person, I wondered to myself if anybody actually sat in that chair before and fit the chair. I was expecting a fun evening, especially for my brother, who just turned 21 and was in town for New Year's weekend. \n\nPreviously, I had stopped by once before to get their chocolate shake. The hostess ordered it for me, and curiosity got the best of me, so I had to ask how many calories the chocolate shake was. I was thinking maybe 1000 would be a little bit close to my expectation of unhealthy, but it was double that amount! 2000 whopping calories for what Ryan H. described as an East Coast frozen custard - I took it to go and shared it with my love and together,we were both able to have half of it. We couldn't do the rest. They advertise that it's pure creme. I don't mind killing myself for good food, but I would say this was a tad bit better than mediocre. \n\nTo the dinner... we had the\n\nTriple Bypass: our waitnurse (the one who scratched her area) wouldn't let us split at first, and we told her that we had already eaten and were just passing by and wanted to try them, so she allowed us to split it ourselves. Grilled onions must have been on the sideline of the grill for a while, because they sure were out of practice and didn't do their part. They were lukewarm and had no flavor, not even anything savory. The bacon somewhat tried to attack us, but they needed more of a defense because again they were benching players. Bacon strips were also lukewarm. The meat was not a seasoned player, didn't know how to attack us and the sliced tomatoes were not signed on this season, so they were a no-go either. The only thing that attacked us horribly were the calories. The Quadruple Bypass is 8000 calories according to our waitnurse, and we had the Triple, so minus maybe 1500 calories brings us to about 6500 calories split between the three of us. Well, I didn't do bread, so it's a little more for the guys. \n\nWe also ordered 3 Cokes and the\n\nVanilla Shake: this was yummier than the chocolate shake, but it definitely did taste like butter, but not like a butter popcorn jelly belly as someone else mentioned in their review. I would like to add that for the amount of calories it had, it should taste great, but it wasn't really up to par with its 2000 average daily value calories. My brother really enjoyed the shake. I enjoyed it also, but perhaps because the burger was so disappointing. Le sigh...\n\nAs we were waiting for our fries to get to us, we saw a doctor-costumed bartender dancing with a waitnurse who was kind of DJing and counting the minutes to New Year's. They were having fun dancing, and yes, there were dim TVs if you were sitting right next to them, but if you were far enough away, you were able to see music videos from the 80's paired next to videos of a doctor using his stethoscope to pat the burger meat down onto the grill. \n\nLard-fried Fries: I had a total of about three fries from the basket of fries. No, I'm not obsessively counting calories and at this point it wouldn't even matter. However, I was very disappointed that the texture of the fries weren't identifiable. I could say what it wasn't. It wasn't crispy. It wasn't freshly soggy like In N' Out. It wasn't delicious or had a certain taste to it. It was the most apathetic basket of fries I had ever met. \""""Hello, Fries. Okay. I see. Goodbye. You don't care? Okay.\"""" \n\nOur waitnurse brought us the bill. Throughout the entire dinner, we figured out where she had her hand on our plates and the bill, so we weren't nervous about her being our waitress, not at all. I'd like to add to her benefit of the doubt, that all the waitnurses are made to wear red bras and undershorts that are possibly uncomfortable. \n\nI asked my brother if he had fun. He enjoyed the experience, but he didn't like the food. I am a good food hunter. I feel I disappointed my brother and should have listened to the few and the wise on Yelp, but wanted to try it for myself, hoping to regain a few stars of hope for this new and grotesquely interesting place. Hope? Nope. I wish the Denny's had opened there instead. Sorry, Dr. Jon. Nutritionist gone wild? Well, this is \u00a1\u00a1\u00a1\u00a1Mad Food Yelper gone fariggin' LOCA!!!! Okay. Time of death...2:41am",0,1,0.5001175999641418,REVIEW REQUIRED,Test threshold tuning on validation data and calibrated probabilities.,NO
14767,near_threshold_error,long,"I've been here a couple times, not looking for anything in particular. It's a large space and fairly clean and bright but for some reason this place really skeeves me out. I can't quite put my finger on what it is though.\n\nThe women's section is fairly large. The last day that I went, skirts were pretty sold down the \""""non-summer clothing\"""" was abundant. The men's section looks limited but I didn't take the time to walk through it. Kid's was fairly limited as well.\n\nI usually enjoy thrift store shopping and searching through the racks to find that one awesome piece of clothing, but this location doesn't really have that going on...at least not for me anyway.",0,1,0.5004268884658813,REVIEW REQUIRED,Test threshold tuning on validation data and calibrated probabilities.,NO
9791,near_threshold_error,long,"This isn't going to be much of a review because there isnt much to say... I don't want to act like I DONT frequent these types of estabishments - but for you people who know what a typical one is like then I have no problem with saying that this place is heaven.  Theres not need to be scared... they wont bite you, without a private room. \n\nI wish I could give more stars, as I've already given enough money to them. There must be at least 5 girls there that I've funded their entire college tuition.  Your welcome ladies.\n\n10 out of 5 stars...\n\n...and thats all I have to say, about that.",1,0,0.49909064173698425,REVIEW REQUIRED,Test threshold tuning on validation data and calibrated probabilities.,NO
32497,near_threshold_error,long,"I went to Heist for dinner and beer a few months ago.  I really wanted to be a fan of Heist since it is in my hood, but dinner was nothing special.  In fact, it wasn't good.  The food left a lot to be desired, and the beer was just gross.\n\nHOWEVER....the brunch here is AMAZING!! The food is so unique and flavorful.  It's buffet style, and there are lots of options to include a waffle bar.  I've been three times, and usually I don't even eat any other meal during the day after this super satisfying feast.  The coffee is ok.  I had to drink my coffee out of a beer glass which was kind of weird but the coffee still made it to the party.",1,0,0.4986828863620758,REVIEW REQUIRED,Test threshold tuning on validation data and calibrated probabilities.,NO
10081,slice_specific_failure,long,"YOUR GUIDE TO A SUCCESSFUL FLAMINGO HOTEL STAY\n\nAfter pretty much reading nothing but negative reviews I think I need to share what I think makes for a great Flamingo Hotel experience.  We have done an annual man-cation here for the last 4 years in July and  I don't have a single complaint and below are a couple reasons why.  I do understand the Flamingo can be a little difficult to navigate and in some aspects has kind of turned into a In and Out Burger type establishment where you need to know the secret menu but here is your secret menu:\n\n1.  This is the FLAMINGO so you are already setting yourself up for failure if you go in expecting the Wynn or some other fancy hotel I have only seen the outside of.  Wrap your head around that before booking at this hotel.  I am not someone who subscribes to the theory of just getting a crap hotel because you are never in it.  I want a good bed and nice shower even if I do plan on being in the room 6 hours over the course of 3 days.  You can still get a quality room at the Flamingo if you know what you are doing\n\n2.  BOOKING A ROOM:\nWhen you get a room spend the extra money and get a Go Room.  Don't pay for the upgrade for the rooms with the crap fake wood floor.  A Go Room I say.  Don't pay for a suite unless you are already in a gambling mood.  Some can be great and others can look like an apartment circa 1972.  Getting a standard room is like asking for your room to smell of cat urine and vomit.  Again if you are in the gambling mood give it a whirl.  The Go Rooms are clean for the most part and modern.  Good shower and bed with an I pod docking station for listening to good jams before you go out.\n\n3.  CHECKING IN:\nThis can be a cluster mess of epic proportion if you allow it but follow this method and you will be good to go and laughing at the individuals in line for hours having a breakdown. We do this every year and have not had a problem yet.  First, DO NOT arrive at check in time and actually do not check in after 1pm ever.  Figure out a way to get there early.  Last year we tried to check in at 8am.  Of course we couldn't but that is not the point.  If you are flying to Vegas have the cab driver drop you off at the Valet and call over a bell hop.  If you drive to Vegas go to the Valet and call over a bell hop.  The bell hop will take your bags and give you a ticket.  First problem already solved.  Now you have just avoided being the people carrying their luggage through the hotel running into trash cans and small children along the way.  The people with their luggage on the Strip are hopeless so forget about them. Now you may be able to check in early for a small fee and if so great, you simply call down when you get to your room and your bags arrive and everybody is happy.  Now if you are like us and try to check in at 8am this is never going to work but what you will do is knock out everything that is needed with the front desk so when you come back at 3pm or whenever you go into a different line.  A few minutes an then you get your room key and are done because you have already completed the credit card/ID crap.  When you try and check in too early at the front desk they will point out this separate line for you to get in later in the day.\n\n4.  The POOL:  First of all RIP to the small pool which used to be the 21 and over pool and was topless at one time.  Nobody actually went topless, well a few people did but you get the idea.  So the large pool is 21 and up and the small pool is for families.  Families this hotel is really not the place for you.  You might think the location is great but I have about a million reasons why you should not stay here with the little ones. The Flamingo pool scene is good times and it is not the whole Encore pool scene vibe.  Get there early really early if you are the kind of person who wants a chair.  Remember this pool is also open to Bill's guest as well so the chairs fill up quick.  We usually pay the $200 and get the day bed for the day and there you have a home base to place your things, sit, lay or whatever you little heart desires.  It comes with a couple of free drinks or a bucket of beers.  You are in direct line for the booty shaking contest in the afternoon as well.  It is kind of cheesy but everyone is having a good time so just cheer for the brave girls who get up there and shake that thang.   The pool is big enough so although everyone is peeing it really does not effect you or at least me. I will say the vibe at the pool was a little weak this past year.  I thought the DJ just turned it to the local FM top 40 station and called it a day.  I am not trying to hate at all but the crowd did look a little rough around the edges.  You know what I am talking about.  Some really LARGE white people with their umbrella drink in one hand and a basket of whatever nasty mess they ordered at the snack shop in the other.  Still plenty of good looking people.  Hope this helps",1,0,0.122355155646801,REVIEW REQUIRED,Test a length-stratified evaluation and a model change targeted to this slice.,NO
25266,slice_specific_failure,long,"HUGE COCKROACH IN BATHROOM OF OUR ROOM!!!! \nLet me begin by saying how excited my husband and I were for this trip, and especially to stay at The Cosmopolitan - the newest, hottest hotel on the strip. We've stayed at 5 different other 5 star hotels so far in previous visits, but were sure this one looked even better. We've had this trip planned for over a year and met friends out there whom we hadn't seen for just as long. We arrived Thursday night, and were immediately blown away by the lobby. We looked at each other as we stood in line to to check-in, \""""Oh yes, this has got to be the nicest hotel built in Vegas yet.\"""" Excitedly we went up to our room in the East tower. I found it cute when the woman who checked us in said, \""""I put you guys in the East tower because it looks like you want to have fun.\"""" We rode up to the 22nd floor - headed to room 2288. The 1 bedroom suite was seemingly a dream suite for a 4 night stay in Vegas! Spacious with a jacuzzi overlooking our balcony, and a good sized kitchen area! I took pictures and proudly showed off where we were staying on facebook right away - with the caption \""""By far the best rooms in Vegas to stay in - better than Encore even!\"""" We quickly unpacked all of our things into the drawers of the bathroom, and hung all of our nice clothing. We had already grabbed drinks and snacks from Walgreens across the street, so our little mini fridge was set to go as well. We were settled in nicely, waiting for our friends to arrive from across the country. Now is where the tables turned fast about this place. I opened the door to the toilet (small room that is sectioned off from the bathroom), and had already started to crouch and sit my behind down when there it was - fast and bright copper, about the size of the width of a credit card, was a COCKROACH - right on top of the toilet, crawling on the spare roll that the hotel has wrapped in blue silk. I've never jumped and screamed so fast in my life out of that room, straight onto the couch where my hands met my face in immediate tears. My husband looked at me in horror asking what happened. I told him in panic as I checked my skin over and over for creepy crawlers. He went and checked, (admitted to not believing me when I first said it to him), and came out smiling , \""""Wow you're right. And he's a big boy too.\"""" The first thing he did was get a good picture of it too. I screamed at him in more tears, \""""It's not funny!! Grab all of our stuff right now! We need to leave!\""""He told me to calm down and call the front desk. I did just that, and a woman answered. I hurriedly told her what we just found in our room, and her immediate calm response was, \""""Oh alright, would you like me to put in an order to maintenance, to have someone come up there and get it for you?\"""" !!!!! \""""Excuse me?!! Get a maintenance guy is your response to this?! YES! & while we pack all of our stuff up, we cannot stay here! What can you do about this ma'am? I am horrified!\"""" in more tears. \""""I'm sorry but we're fully booked, it's a holiday weekend.\"""" I immediately demanded a manager, knowing I'm bound to get some sort of immediate solution and/or relief from whoever was to pick up the phone next. As a business owner myself, and manager, I would be furious with an employee who took such a coy approach to the disaster unfolding. Jeff, the night manager gets on the phone. I quickly get him up to speed, although I soon realize he was already prepared with what he said next. It was at least 3 minutes before I was put through to him, which felt like an eternity as I'm standing there, scratching my legs, arms and my eyes are scanning every inch of the room. He immediately takes the \""""friend\"""" approach with me and asks if it's ok to call me by my first name. \""""Rochelle, what would you like us to do about it? Don't worry, she already put in the order for it to be removed from your room. I don't know how long it will be though, we are very busy. I realize this is an unpleasant thing to find in your room, but I really can't move you anywhere else. We're booked solid, I'm sorry.\"""" In horror, and almost a squeal I said \""""JEFF, maybe you didn't hear me correctly, but I FOUND A MASSIVE COCKROACH in my room that I paid a lot of money for!! This is a 5 star hotel that I booked based off of great reviews and reputation. This is not OK, and whether there is an infestation of roaches on this floor or just one, its enough to make my skin crawl and feel absolutely filthy and paranoid obviously. I cannot stay here, especially not in this room or floor for that matter. Put yourself in my shoes! \"""" Manager Jeff continues, \""""I understand they're not a fun bug to look at, but I can assure you the whole time I've worked here no ones found one. They're like the moths that fly in guests' rooms sometimes, sometimes they're there. Nothing you can do but get used to the idea that you might find one from time to time. Hey Rochelle, I'm from Florida - they are everywhere there and it's the norm. He Chuckled.",0,1,0.976554811000824,REVIEW REQUIRED,Test a length-stratified evaluation and a model change targeted to this slice.,NO
19692,slice_specific_failure,long,"Tonight, The Keg was packed with over 1.5 hours of wait time. The Dominion Tavern was so packed they were not accepting walk-ins or reservations. The old go-to Reuben's had a line-up waiting all the way outside. So were in a bit of a spot for dining out after the movie and I was in no mood for fast food or anything deep fried. We were walking around looking when we spotted Firegrill. Never been, so I figured it couldn't hurt to try... that was the beginning of the end...\n\nT H E   G O O D \nThe restaurant looks impeccably clean and has a nice woody, loungy feel to it. And who doesn't enjoy leathery banquettes? As a steakhouse fanatic, it's the environment I enjoy. The manager's hiring practice of female staff indicates a strong interest in, how do I put it... the bouncy factor, not that there's anything wrong with that. Our server was polite and very friendly despite what follows. The Good ends here.\n\nT H E   B A D \nThe management cannot control his patrons. When young patrons go hog-wild like it's spring break, management has to step in before losing customers. It's better to have a few unhappy kids, than a bad reputation - more on this later.\n\nIf your wait-staff is all dressed to a tee, the manager should be dressed like he owns the place, not like a retail clerk at a Reno-Depot. If you're the boss, look the part. \n\nT H E   U G L Y\nOK this is the part where you should get comfortable before going further. I'm about to go off on a rant, a diatribe, a disputation about basic rules of restoration and \""""foodology\"""".\n\nFirst of all... this, where I live, my island, is MONTREAL, not Val D'or. There's a steak spice mix named after my town. I think one can expect delicious steaks in Montreal; it's one of our culinary call-to-fame. Right up there with smoked meat, bagels & poutine. So if you dare call yourself a steakhouse and serve crap, maybe you should leave my island. \n\nFirst my favourite quote from Bourdain that pretty much explains my views on restaurants and gastronomy.\n\n\""""It says something about a person when you put chicken Caesar on the menu. You've crossed a line and you know it. It's the chef version of sucking Ron Jeremy's cock. If you do it late in your career, any notions of future stardom are usually pretty much out the window.\"""" -Anthony Bourdain, Medium raw.\n\nFiregrill makes the atrocious, grotesque and egregious error in seating itself downtown and serving food I wouldn't make for myself on a boring night after work. I would sooner eat at McDonald's everyday and get more contentment from it. Hell I can do better with supermarket grub. People go to restaurants to eat what they can't have at home - mostly to get crispy crunchy food, or better food than they can't prepare.\n\nI ordered the T-Bone... for connoisseurs the menu said. Connoisseurs call it a Porterhouse bitch, but I digress. It comes with soup or salad. Salads were the ubiquitous Caesar (see above) and of course the \""""chef's salad\"""" whatever the fuck that means. I went for the soup, cream of broccoli. They forgot to mention it probably comes out of a can marked with the word Campbell's on it. It had the salt content of a canned soup and tasted like the 2 dollar soup I sometimes get at Tim Horton's (hey my expectations at Timmy's are different than when I dish out a lot of cash for a good meal.)\n\nBut I should have seen this coming when the bread came with butter in packets you have to unseal. Because whipping butter and serving it into a little ramequin is soooooooo much work right?\n\nBut it gets better... I mean worse...\n\nI get my T-Bone steak and it's about I dunno, barely a centimetre thick, the kind of cheap-ass steak you get at your local IGA. This steak was un-aged. How can you tell you may ask? Well first, the purpose of aging meat is to release it of its water and of course secondly, make the meat tender which results in a steak that cuts easy and is flavour packed. This T-Bone had nothing flavourful and was boiled by all the water that was steamed out during the cooking process. I couldn't see any spices or seasoning. The steak was pale and looked like the kind of steak hospital cafeterias push out on those special occasion meals. Even after pouring enough salt to clog an artery on it, I still couldn't get any flavour out of it. That's of course WHEN I was able to cut a piece of meat out of it without hacking at it because of all the non-tenderness of the meat and all the \""""nerving\"""". I stopped after 2 \""""bites\"""". \n\nAny steak connoisseur likes their steak, thick... really thick and will pay the big bucks to get it and get it right. The steak was barely grilled on one side, ungrilled on the other, conveniently faced down and looked and tasted boiled. And to make matters worse, there were metallic black spots on the steak indicating a dirty grille or tools. Unpleasant to say the least. And it was just served on a plate with nothing else. No herbs, no mushrooms, or grilled tomatoes, the regular, omnipresent go-tos. Just a plain unseasoned steak.",0,1,0.7375875115394592,REVIEW REQUIRED,Test a length-stratified evaluation and a model change targeted to this slice.,NO
4664,slice_specific_failure,long,"I've been here twice.  It was like visiting two completely different restaurants.\n\nThe first time my girlfriend and I tried this place on a Friday night about a month ago, we loved it.  It's a small place, clean and inviting, with a neighborhood-hangout kind of vibe.  We'd heard the wings were good, and we weren't disappointed; the garlic Parmesan wings were a knockout.  We also had a Yinzer sandwich (very good), cheese sticks (also a winner), and some beer -- big damn $3 Yeunglings.  And to top it off, as we were leaving, the owner ran out to stop us -- we left such a large tip that he thought we'd forgotten money.\n\nGreat food, cheap beer, attentive service -- what was not to love?  We were DEFINITELY coming back.\n\nWell, tonight we came back.  Whoops.\n\nThey were short-staffed; the bartender and the cook were the only people working.  But they weren't that busy -- about ten or so people in the bar, with two in the dining room when we sat down and four more seated about fifteen minutes after us.  The bartender came over to get us drinks, and assured us the cook would be right out to take our orders.\n\nThe cook didn't get the memo.  After waiting a good twenty minutes, we flagged down the bartender as he was getting the newcomers' drinks.  When he saw we hadn't been tended to yet, he graciously took our order -- another Yinzer sandwich, some cheese sticks, and some more of those delicious garlic parm wings.\n\nAnd then came the waiting.  And the waiting.  And the waiting.\n\nI repeat, the only other diners ahead of us were a couple who already had their food.  A handful of carryout orders got filled.  Yes, they were short-staffed, but it was clearly a slow night.\n\nWe could see the kitchen from where we were sitting.  My girlfriend swears she saw some meat -- ham?  corned beef? -- fall out of a container onto the floor, which the cook promptly put back into the container, which went in the fridge.\n\nMaybe he was just putting it there to dispose of later.  Maybe the five-second rule is actually an official health department guideline.  Maybe it was just some ham-shaped candle wax.\n\nWe flagged down the bartender, and managed to convince him to refill my girlfriend's Pepsi and get me some water.  (To be fair, I'd been nursing my beer in vain anticipation of the food.)  He checked in on the food, and assured us it was almost ready.  We could see our sandwich spend a good fifteen minutes in various stages of assembly.\n\nThe other table of four seated after us was getting equally ignored.  One of the ladies complained into her phone that she was being held hostage.\n\nThe food arrived.  Eventually.  Most of it.  We got our sandwich -- now cold -- and our cheese sticks -- deep-fryer fresh! -- a good forty-five minutes after we ordered them, and well over an hour after we first sat down.  I repeat, nobody was ahead of us in the dining room when we sat.  The bartender advised us that the wings would be a few more minutes.\n\nBased on past experience, I estimated how long it would take them to bring us our check once we were finished, and asked for it immediately.\n\nAside from being cold, the sandwich was very tasty.  And the cheese sticks were as awesome as deep-fried cheese usually is.  We finished what food we had -- and there was still no sign of the wings.  \n\n\""""How many more minutes are those wings going to take?\"""" I asked the bartender.  He ducked into the kitchen to ask.  \""""Five more minutes,\"""" he said.\n\nTen minutes ago, it had been \""""a few more minutes.\""""  This kind of dialog is very funny in a Guy Ritchie movie.  Less so in your neighborhood bar.\n\n\""""Cancel the wings,\"""" I said.\n\nI threw down a twenty.  I'm pretty sure it covered what we ate.  No way in hell was I going to wait for change.\n\nI think the table behind us was packing up to leave as we walked out.  Poor souls.  They never got any of their food.\n\nSo.  If you visit Verdetto's, it would seem your experience will hinge on who's working that night.\n\nIf the owner is around, expect fast, courteous service and some of the most delicious bar food to ever come out of a deep fryer.  An easy four stars.\n\nBut if you got the guys we had ... the bartender, while hardly attentive, was prompt when directly cornered and at least had the decency to look embarrassed by the awful service.  I don't think the cook cared if we lived or died.  Zero stars.\n\nThe only other time I've ever said \""""Fuck this\"""" and left before my food arrived was when an ex-girlfriend and I went to a Primani Brothers in the Strip before a Deftones show; they only had three people working, and were completely crushed under the crowd.  Verdetto's had no such excuse.\n\nIf you're in the mood for cheap beer, good wings, and you're really feeling lucky, give them a try.  But if you have someplace you'd like to be afterwards, you'll want to go somewhere else.\n\n(Also, do note that the kitchen is closed on weekends.  Perhaps it's for the best.)",0,1,0.8301936388015747,REVIEW REQUIRED,Test a length-stratified evaluation and a model change targeted to this slice.,NO
16047,slice_specific_failure,long,"Nothing I could say in this review could possibly convey the amazing experience that we had here at Middle Eastern Bakery & Deli.  This was THE BEST place at which I have eaten in all my visits to Phoenix (off and on annually over the last 10 years) and I will be back (multiple times) every time I visit from now on.\n\nWhy is it that the taste of the food is so often inversely proportionate to the fanciness of the restaurant, at least when it comes to ethnic restaurants?  The fancier the decor in an ethnic restaurant, the blander the food.\n\nStated differently, what is it about the mystical siren's call of the hole in the wall ethnic restaurant?  Does the chef assume that because his food is head and shoulders above the rest that he needn't waste money on decorations?  Or is it simply that the mom & pop chef with his traditional recipes handed down from generation to generation will never be matched by the cookie cutter american culinary school education?\n\nThis restaurant is very unassumedly named The Middle Eastern Bakery and Deli, though it is also a restaurant and grocery store.  It doesn't look like much from the outside, nor the inside, and would probably fly under most people's radar if it was not for word of mouth passed through Yelp.  Can you see the diamond lurking under the layer of carbon?  I sure can.\n\nThe proprietor, Isam (yes, we're on a first name basis now and you will be, too, by the end of your first visit), is quite a character guaranteed to put a smile on the face of even the WORST sourpuss.  Before our first visit we called him by phone to make sure the restaurant would be open when we arrived and he was friendly and welcoming.  When we finally arrived he welcomed us like old friends.  \n\nI ordered the grilled combo and my coworker ordered the Lebanese Chicken.  Both plates came with a choice of Greek Salad of Tabbouli with a fresh warm pita and rice.  I wasn't sure which to choose, so Isam guided me gently toward the Tabbouli which he makes FRESH 5 TIMES EVERY DAY.  Yes, you can tell this man is incredibly gifted in the making of Tabbouli, which is a thing of beauty, colorfully decorated with red and green pepper rings, white couscous, tangy red tomato, crisp white onions, and ruby toned sliced beets over dark greens.  It is beautiful, but tastes even better.  I ordered a diet soda in spite of the prominently displayed Yelp tip recommending the lemonade (\""""Your life will change as you discover the super powers you've acquired from the lemonade.\"""") as I'm not usually a big lemonade fan.  My coworker ordered the lemonade and I ordered the birds nest baklava with glistening green pistachio pieces covering the top to eat while I waited for the food to arrive.\n\nMy coworker took one sip of the lemonade, which is made with honey and rose water - SHEER GENIUS - and couldn't stop talking about how amazing it was.  I traded him half of my baklava for a taste and couldn't BELIEVE how amazing it was - TRULY LIFE CHANGING.  Isam brought me a large cup of this elixir of the gods and made my entire day.\n\nWhen our meals came I was thrilled with my perfectly seasoned kebabs with three kinds of meat -  chicken, lamb, and spiced ground beef, all of them cooked perfectly and all of them delicious.  The rice was not basmati, more like a pilaf, but was incredibly flavorful.  Alex said his Lebanese Chicken was amazing, but refused to share any with me.\n\nThe owner brought us over a complimentary Turkish coffee, a lemonade, and a pistachio baklava - all amazing!!!  Isam also gave us a lesson in appreciating coffee.  He taught us how to sip it and about his secret ingredient (cardamom).  He grinds his own cardamom fresh from the seeds, which cost $100 per pound and I guarantee you are totally worth the expense.  He showed us both the seeds and the ground versions and let us smell them, pure heaven on Earth.  Isam says that the cardamom works on your nervous system to relax you;  I certainly felt relaxed when I left, but I think some of that might have to do with the owner's charm rather than the coffee.  When we left, we stopped up at the counter to say goodbye to our host, because it just felt more like a family visit than a restaurant visit.  You can just walk out of a restaurant, but you don't walk out on family without saying goodbye.\n\nI made a return visit several days later and not only did Isam remember me, but he came out from behind the counter to give me a hug and asked where my friend was (I had just dropped my coworker off at the airport).  I ordered the Lebanese Chicken and one of his heavenly lemonades.  Isam once again brought me a Turkish Coffee (this stuff is addicting) and a baklava to enjoy with it.  I enjoyed my second visit as much as my first; Isam gave me a menu and invited me to come back again during my visit.  He even gave me his phone number and told me to call if I needed anything.  \n\nI will definitely be back!!\n\n\n\n\n\n Relaxes you, works on your nervous syst",1,0,0.20521759986877441,REVIEW REQUIRED,Test a length-stratified evaluation and a model change targeted to this slice.,NO
