epoch,epoch_time_seconds,generator_loss,cycle_loss,identity_loss,discriminator_a_loss,discriminator_b_loss,generator_learning_rate
1,80.6,7.1919,0.5876,0.5753,0.3197,0.3248,0.0002
2,79.1,6.1319,0.4964,0.4788,0.2478,0.2442,0.0002
3,79.1,5.7447,0.454,0.451,0.2248,0.2338,0.0002
4,80.3,5.3949,0.4227,0.437,0.226,0.2249,0.0002
5,82.5,5.2336,0.4078,0.4341,0.233,0.2255,0.0002
6,79.9,5.1225,0.3963,0.4269,0.2294,0.2257,0.0002
7,79.4,4.9545,0.3801,0.4164,0.223,0.2254,0.0002
8,79.1,4.8065,0.3641,0.4042,0.2117,0.229,0.0002
9,78.9,4.7305,0.3515,0.3961,0.1841,0.2274,0.0002
10,78.9,4.7382,0.3521,0.3907,0.1934,0.2288,0.0002
11,79.2,4.6179,0.3426,0.3864,0.1993,0.228,0.0002
12,78.9,4.5271,0.3351,0.3819,0.2037,0.2247,0.0002
13,79.3,4.5516,0.3348,0.3822,0.1914,0.2231,0.0002
14,78.8,4.3639,0.321,0.3681,0.2007,0.2246,0.0002
15,78.2,4.309,0.316,0.368,0.2045,0.2274,0.0002
16,78.3,4.342,0.3161,0.3639,0.201,0.2209,0.0002
17,78.3,4.2292,0.3073,0.3627,0.2025,0.2248,0.0002
18,78.5,4.2436,0.3073,0.3592,0.1971,0.2257,0.0002
19,79.3,4.1451,0.2987,0.3518,0.1998,0.2207,0.0002
20,78.6,4.1476,0.2989,0.3544,0.2011,0.2189,0.0002
21,78.8,4.1278,0.2959,0.3572,0.1959,0.2155,0.0002
22,81.9,3.9735,0.2833,0.3453,0.2002,0.2236,0.0002
23,79.4,4.0051,0.2843,0.3418,0.1991,0.2228,0.0002
24,78.4,3.9712,0.2822,0.3432,0.1995,0.2194,0.0002
25,79.2,3.8954,0.2741,0.3422,0.201,0.2185,0.0002
26,78.4,3.9434,0.2774,0.3426,0.1979,0.2189,0.0002
27,77.7,3.8949,0.2745,0.3396,0.1958,0.2219,0.0002
28,77.8,3.8707,0.2713,0.3399,0.1971,0.2161,0.0002
29,79.7,3.8249,0.2677,0.3325,0.201,0.2221,0.0002
30,80.0,3.7531,0.2611,0.3277,0.198,0.2141,0.0002
31,78.2,3.7277,0.2588,0.3307,0.1994,0.2184,0.0002
32,80.5,3.7796,0.2632,0.3296,0.1952,0.2164,0.0002
33,80.8,3.7341,0.2582,0.3276,0.1939,0.2206,0.0002
34,78.5,3.6564,0.2515,0.3238,0.1963,0.2154,0.0002
35,78.1,3.6812,0.2529,0.3241,0.1938,0.2152,0.0002
36,78.2,3.5702,0.2452,0.3168,0.198,0.2199,0.0002
37,78.0,3.6316,0.2503,0.3208,0.1936,0.2164,0.0002
38,78.2,3.6136,0.2478,0.3226,0.1959,0.2152,0.0002
39,78.1,3.5995,0.2457,0.3213,0.1936,0.2109,0.0002
40,78.2,3.5325,0.2399,0.3116,0.1891,0.2153,0.0002
41,78.1,3.4962,0.2366,0.3114,0.1975,0.2159,0.0002
42,78.4,3.5159,0.2382,0.3121,0.1935,0.2147,0.0002
43,78.5,3.4839,0.2389,0.3114,0.2018,0.2193,0.0002
44,78.5,3.492,0.2367,0.312,0.194,0.2131,0.0002
45,78.4,3.4472,0.2302,0.3035,0.1913,0.2154,0.0002
46,79.0,3.4001,0.2288,0.3022,0.1965,0.2135,0.0002
47,78.0,3.424,0.2298,0.3037,0.1927,0.2107,0.0002
48,78.3,3.4193,0.2295,0.3044,0.1905,0.2166,0.0002
49,78.0,3.4021,0.2275,0.3032,0.195,0.2095,0.0002
50,77.8,3.3843,0.2249,0.3024,0.1907,0.2116,0.0002
51,78.2,3.3646,0.2237,0.3029,0.1881,0.2106,0.000196
52,78.1,3.275,0.2163,0.2949,0.1899,0.207,0.000192
53,78.1,3.3373,0.2192,0.2978,0.1866,0.2073,0.000188
54,78.3,3.2978,0.2177,0.2981,0.1896,0.2075,0.000184
55,78.0,3.2366,0.2129,0.2928,0.1922,0.2111,0.00018
56,78.2,3.2266,0.2113,0.2879,0.1904,0.2062,0.000176
57,78.1,3.1849,0.2072,0.2843,0.1892,0.2131,0.000172
58,78.0,3.2104,0.2082,0.2874,0.1829,0.2036,0.000168
59,78.3,3.1355,0.201,0.2808,0.1809,0.2097,0.000164
60,78.6,3.1682,0.2042,0.2843,0.1834,0.2039,0.00016
61,78.4,3.1215,0.2011,0.2805,0.1794,0.2047,0.000156
62,78.5,3.1022,0.1987,0.2803,0.1789,0.2069,0.000152
63,78.3,3.0979,0.1963,0.2767,0.1738,0.2001,0.000148
64,78.0,3.0791,0.1954,0.2752,0.174,0.201,0.000144
65,78.1,3.0918,0.1964,0.2764,0.1782,0.2024,0.00014
66,77.9,3.0254,0.192,0.2732,0.1765,0.2005,0.000136
67,77.9,3.0357,0.1904,0.275,0.1685,0.2026,0.000132
68,77.9,3.0643,0.1923,0.2728,0.1679,0.1986,0.000128
69,78.1,3.0522,0.1895,0.2696,0.1699,0.1955,0.000124
70,78.1,3.0785,0.1905,0.2712,0.1671,0.1927,0.00012
71,78.2,3.0057,0.187,0.2689,0.1633,0.203,0.000116
72,78.3,2.959,0.1806,0.2657,0.1657,0.1962,0.000112
73,78.4,2.959,0.1812,0.2636,0.1629,0.1972,0.000108
74,78.2,2.9986,0.186,0.273,0.163,0.1989,0.000104
75,78.3,2.9723,0.1812,0.2626,0.1566,0.1899,0.0001
76,78.2,2.9795,0.1795,0.2675,0.1524,0.1945,9.6e-05
77,78.1,2.9263,0.1767,0.258,0.1571,0.1917,9.2e-05
78,78.6,2.9322,0.177,0.2576,0.1526,0.1933,8.8e-05
79,78.9,2.8589,0.1711,0.2522,0.158,0.1913,8.4e-05
80,78.2,2.9002,0.1724,0.256,0.1524,0.1925,8e-05
81,79.6,2.8611,0.17,0.2516,0.1548,0.1937,7.6e-05
82,78.2,2.8495,0.1684,0.2501,0.1487,0.1918,7.2e-05
83,78.6,2.8824,0.1717,0.2536,0.1546,0.1901,6.8e-05
84,78.0,2.8263,0.167,0.2517,0.1514,0.1884,6.4e-05
85,81.3,2.8139,0.1659,0.2501,0.1525,0.1906,6e-05
86,79.4,2.7994,0.1625,0.2447,0.1538,0.1864,5.6e-05
87,78.9,2.7698,0.1618,0.2479,0.1548,0.1905,5.2e-05
88,78.1,2.7837,0.1607,0.2439,0.1506,0.1863,4.8e-05
89,78.4,2.7812,0.162,0.2454,0.1485,0.1843,4.4e-05
90,78.2,2.752,0.1601,0.2461,0.151,0.1874,4e-05
91,78.3,2.7356,0.1579,0.2425,0.1489,0.1904,3.6e-05
92,78.1,2.7046,0.1551,0.2364,0.1521,0.1851,3.2e-05
93,79.5,2.709,0.1541,0.2382,0.1474,0.1793,2.8e-05
94,78.2,2.7688,0.156,0.2423,0.1446,0.1779,2.4e-05
95,78.1,2.6861,0.1523,0.2345,0.1465,0.1855,2e-05
96,78.0,2.6649,0.1496,0.2366,0.1456,0.1822,1.6e-05
97,78.7,2.6855,0.1512,0.2355,0.1422,0.1808,1.2e-05
98,78.3,2.6745,0.1503,0.2361,0.1413,0.1825,8e-06
99,78.3,2.6627,0.1495,0.2334,0.1442,0.1821,4e-06
100,79.6,2.6298,0.1486,0.2305,0.1433,0.1766,0.0
